<?xml version="1.0" encoding="UTF-8"?>
<definitions xmlns="http://www.omg.org/spec/BPMN/20100524/MODEL" xmlns:xsi="http://www.w3.org/2001/XMLSchema-instance" xmlns:xsd="http://www.w3.org/2001/XMLSchema" xmlns:activiti="http://activiti.org/bpmn" xmlns:bpmndi="http://www.omg.org/spec/BPMN/20100524/DI" xmlns:omgdc="http://www.omg.org/spec/DD/20100524/DC" xmlns:omgdi="http://www.omg.org/spec/DD/20100524/DI" typeLanguage="http://www.w3.org/2001/XMLSchema" expressionLanguage="http://www.w3.org/1999/XPath" targetNamespace="http://www.baidu.com/">
  <process id="loan_manual_approval_v1" name="NPP贷款信贷云审批工作流" isExecutable="true">
    <startEvent id="sid-a4286b62-d18d-49df-bd27-8c4ed05f27c5" name="start"></startEvent>
    <exclusiveGateway id="sid-5be6053f-ab2b-410e-bf76-9cd8b0df09bd"></exclusiveGateway>
    <userTask id="sid-1be8cdcd-67b0-44b1-ac73-2a9923362243" name="a31" activiti:candidateGroups="operator_a31">
      <extensionElements>
        <activiti:taskListener event="create" class="com.fh.controller.activiti.util.BeforeManagerTaskHandler"></activiti:taskListener>
      </extensionElements>
    </userTask>
    <userTask id="sid-fca477f3-b586-461f-b899-f044a85bd210" name="a32" activiti:candidateGroups="operator_a32">
      <extensionElements>
        <activiti:taskListener event="create" class="com.fh.controller.activiti.util.BeforeManagerTaskHandler"></activiti:taskListener>
      </extensionElements>
    </userTask>
    <exclusiveGateway id="sid-c2bca00c-26e9-4385-b276-2f28233b3b26"></exclusiveGateway>
    <userTask id="sid-baa3b816-6bc2-4547-8dcb-1de4b9536116" name="a41" activiti:candidateGroups="operator_a41">
      <extensionElements>
        <activiti:taskListener event="create" class="com.fh.controller.activiti.util.BeforeManagerTaskHandler"></activiti:taskListener>
      </extensionElements>
    </userTask>
    <exclusiveGateway id="sid-411e2a85-2591-4d9a-8f04-50ec38d6676f"></exclusiveGateway>
    <userTask id="sid-15d59f70-8849-4483-9023-25cdffda1652" name="a42" activiti:candidateGroups="operator_a42">
      <extensionElements>
        <activiti:taskListener event="create" class="com.fh.controller.activiti.util.BeforeManagerTaskHandler"></activiti:taskListener>
      </extensionElements>
    </userTask>
    <exclusiveGateway id="sid-7c99b9b3-37a7-4667-9bb9-156c742c19af"></exclusiveGateway>
    <endEvent id="sid-82136925-fedd-4b35-a6f4-6040d6964b5c" name="end"></endEvent>
    <userTask id="sid-210d77e6-003c-494d-ba15-9b3b3cee3439" name="a61" activiti:candidateGroups="operator_a61">
      <extensionElements>
        <activiti:taskListener event="create" class="com.fh.controller.activiti.util.BeforeManagerTaskHandler"></activiti:taskListener>
      </extensionElements>
    </userTask>
    <userTask id="sid-0a058bb1-abca-43c8-921d-c8b1eeb448ac" name="a62" activiti:candidateGroups="operator_a62">
      <extensionElements>
        <activiti:taskListener event="create" class="com.fh.controller.activiti.util.BeforeManagerTaskHandler"></activiti:taskListener>
      </extensionElements>
    </userTask>
    <exclusiveGateway id="sid-52b5219c-684d-42cf-8e8c-3658b7861b2c"></exclusiveGateway>
    <userTask id="sid-3c882bf9-37fa-4c12-8ee3-01ff500c6174" name="xd" activiti:candidateGroups="xd">
      <extensionElements>
        <activiti:taskListener event="create" class="com.fh.controller.activiti.util.BeforeManagerTaskHandler"></activiti:taskListener>
      </extensionElements>
    </userTask>
    <exclusiveGateway id="sid-970e6d04-09a7-4d37-bdd1-bdc7d5b8c7a4"></exclusiveGateway>
    <sequenceFlow id="sid-20d3626c-da3d-4eb8-88c8-73e69ec021df" sourceRef="sid-a4286b62-d18d-49df-bd27-8c4ed05f27c5" targetRef="sid-5be6053f-ab2b-410e-bf76-9cd8b0df09bd"></sequenceFlow>
    <sequenceFlow id="sid-50c2906c-55e6-4f5d-9c58-8fe048b44935" name="next" sourceRef="sid-1be8cdcd-67b0-44b1-ac73-2a9923362243" targetRef="sid-fca477f3-b586-461f-b899-f044a85bd210">
      <conditionExpression xsi:type="tFormalExpression"><![CDATA[${workFlowDirection== "next"}]]></conditionExpression>
    </sequenceFlow>
    <sequenceFlow id="sid-b2b39d26-79de-4bfd-9b0a-999deee6d079" sourceRef="sid-0a058bb1-abca-43c8-921d-c8b1eeb448ac" targetRef="sid-52b5219c-684d-42cf-8e8c-3658b7861b2c"></sequenceFlow>
    <sequenceFlow id="sid-b5ebfca7-a12d-4697-ace1-305ac8f00c5c" name="back" sourceRef="sid-52b5219c-684d-42cf-8e8c-3658b7861b2c" targetRef="sid-210d77e6-003c-494d-ba15-9b3b3cee3439">
      <conditionExpression xsi:type="tFormalExpression"><![CDATA[${workFlowDirection== "back"}]]></conditionExpression>
    </sequenceFlow>
    <sequenceFlow id="sid-203b20e4-b05e-4561-a7d7-6dc726440210" name="next" sourceRef="sid-210d77e6-003c-494d-ba15-9b3b3cee3439" targetRef="sid-0a058bb1-abca-43c8-921d-c8b1eeb448ac">
      <conditionExpression xsi:type="tFormalExpression"><![CDATA[${workFlowDirection== "next"}]]></conditionExpression>
    </sequenceFlow>
    <sequenceFlow id="sid-0ea6dbcb-fb89-4ce3-9c0b-af9458eb23d6" name="promiseY" sourceRef="sid-7c99b9b3-37a7-4667-9bb9-156c742c19af" targetRef="sid-210d77e6-003c-494d-ba15-9b3b3cee3439">
      <conditionExpression xsi:type="tFormalExpression"><![CDATA[${workFlowDirection== "promiseY"}]]></conditionExpression>
    </sequenceFlow>
    <sequenceFlow id="sid-404315d9-7767-42f9-95fa-852a25bd8f31" name="promiseY" sourceRef="sid-411e2a85-2591-4d9a-8f04-50ec38d6676f" targetRef="sid-210d77e6-003c-494d-ba15-9b3b3cee3439">
      <conditionExpression xsi:type="tFormalExpression"><![CDATA[${workFlowDirection== "promiseY"}]]></conditionExpression>
    </sequenceFlow>
    <sequenceFlow id="sid-7e77bef3-eb09-4298-af15-0dc30a2b3e6d" name="finish" sourceRef="sid-52b5219c-684d-42cf-8e8c-3658b7861b2c" targetRef="sid-82136925-fedd-4b35-a6f4-6040d6964b5c">
      <conditionExpression xsi:type="tFormalExpression"><![CDATA[${workFlowDirection== "finish"}]]></conditionExpression>
    </sequenceFlow>
    <sequenceFlow id="sid-11c374e5-b02a-486e-a7b9-dac01033f19f" name="next" sourceRef="sid-c2bca00c-26e9-4385-b276-2f28233b3b26" targetRef="sid-3c882bf9-37fa-4c12-8ee3-01ff500c6174">
      <conditionExpression xsi:type="tFormalExpression"><![CDATA[${workFlowDirection== "next"}]]></conditionExpression>
    </sequenceFlow>
    <sequenceFlow id="sid-07720de7-aa44-4667-af73-65eb4f099b5e" name="back" sourceRef="sid-411e2a85-2591-4d9a-8f04-50ec38d6676f" targetRef="sid-1be8cdcd-67b0-44b1-ac73-2a9923362243">
      <conditionExpression xsi:type="tFormalExpression"><![CDATA[${workFlowDirection== "back"}]]></conditionExpression>
    </sequenceFlow>
    <sequenceFlow id="sid-1dcf971f-00a4-4336-92e1-6a595d389f42" name="promiseN" sourceRef="sid-5be6053f-ab2b-410e-bf76-9cd8b0df09bd" targetRef="sid-1be8cdcd-67b0-44b1-ac73-2a9923362243">
      <conditionExpression xsi:type="tFormalExpression"><![CDATA[${workFlowDirection== "promiseN"}]]></conditionExpression>
    </sequenceFlow>
    <sequenceFlow id="sid-3e7479a2-eaec-45db-a69d-f86b4263eb09" name="promiseY" sourceRef="sid-c2bca00c-26e9-4385-b276-2f28233b3b26" targetRef="sid-210d77e6-003c-494d-ba15-9b3b3cee3439">
      <conditionExpression xsi:type="tFormalExpression"><![CDATA[${workFlowDirection== "promiseY"}]]></conditionExpression>
    </sequenceFlow>
    <userTask id="sid-30705b0e-6b7a-44fb-9687-9b5ca439184b" name="a71" activiti:candidateGroups="specialist">
      <extensionElements>
        <activiti:taskListener event="create" class="com.fh.controller.activiti.util.BeforeManagerTaskHandler"></activiti:taskListener>
      </extensionElements>
    </userTask>
    <exclusiveGateway id="sid-b108620c-e3ed-4c4d-91b0-3e0263684422"></exclusiveGateway>
    <sequenceFlow id="sid-1a3bbd1f-f1f1-4b38-b441-596379e64062" name="finish" sourceRef="sid-c2bca00c-26e9-4385-b276-2f28233b3b26" targetRef="sid-82136925-fedd-4b35-a6f4-6040d6964b5c">
      <conditionExpression xsi:type="tFormalExpression"><![CDATA[${workFlowDirection== "finish"}]]></conditionExpression>
    </sequenceFlow>
    <sequenceFlow id="sid-96285b23-b380-4a88-a883-5f91455969d1" name="finish" sourceRef="sid-970e6d04-09a7-4d37-bdd1-bdc7d5b8c7a4" targetRef="sid-82136925-fedd-4b35-a6f4-6040d6964b5c">
      <conditionExpression xsi:type="tFormalExpression"><![CDATA[${workFlowDirection== "finish"}]]></conditionExpression>
    </sequenceFlow>
    <sequenceFlow id="sid-c997cd8c-56d9-4a41-9278-bd0d3ab8f361" name="xd" sourceRef="sid-5be6053f-ab2b-410e-bf76-9cd8b0df09bd" targetRef="sid-3c882bf9-37fa-4c12-8ee3-01ff500c6174">
      <conditionExpression xsi:type="tFormalExpression"><![CDATA[${workFlowDirection== "xd"}]]></conditionExpression>
    </sequenceFlow>
    <sequenceFlow id="sid-2b1ed67c-c084-4354-9cd3-9f113a2e9123" name="promiseY" sourceRef="sid-5be6053f-ab2b-410e-bf76-9cd8b0df09bd" targetRef="sid-210d77e6-003c-494d-ba15-9b3b3cee3439">
      <conditionExpression xsi:type="tFormalExpression"><![CDATA[${workFlowDirection== "promiseY"}]]></conditionExpression>
    </sequenceFlow>
    <userTask id="sid-12cce170-0338-4dae-ab5c-929722a35389" name="a81" activiti:candidateGroups="operator_a81">
      <extensionElements>
        <activiti:taskListener event="create" class="com.fh.controller.activiti.util.BeforeManagerTaskHandler"></activiti:taskListener>
      </extensionElements>
    </userTask>
    <exclusiveGateway id="sid-fd856762-e8a7-4ccd-b49c-5a1c21d8f3c3"></exclusiveGateway>
    <sequenceFlow id="sid-2a3f6a50-cbbd-46df-9e2e-726d9b4afc29" name="finish" sourceRef="sid-fd856762-e8a7-4ccd-b49c-5a1c21d8f3c3" targetRef="sid-82136925-fedd-4b35-a6f4-6040d6964b5c">
      <conditionExpression xsi:type="tFormalExpression"><![CDATA[${workFlowDirection== "finish"}]]></conditionExpression>
    </sequenceFlow>
    <sequenceFlow id="sid-0a86e351-b4ea-4757-844a-4831bfbf01b3" name="next" sourceRef="sid-7c99b9b3-37a7-4667-9bb9-156c742c19af" targetRef="sid-12cce170-0338-4dae-ab5c-929722a35389">
      <conditionExpression xsi:type="tFormalExpression"><![CDATA[${workFlowDirection== "next"}]]></conditionExpression>
    </sequenceFlow>
    <sequenceFlow id="sid-6f1884d6-2e1e-49b1-b7fd-84bb7ec7b2cd" name="schemeY" sourceRef="sid-fd856762-e8a7-4ccd-b49c-5a1c21d8f3c3" targetRef="sid-30705b0e-6b7a-44fb-9687-9b5ca439184b">
      <conditionExpression xsi:type="tFormalExpression"><![CDATA[${workFlowDirection== "schemeY"}]]></conditionExpression>
    </sequenceFlow>
    <sequenceFlow id="sid-2e2a41c8-27eb-4262-8125-398037dcd27b" name="schemeY" sourceRef="sid-970e6d04-09a7-4d37-bdd1-bdc7d5b8c7a4" targetRef="sid-30705b0e-6b7a-44fb-9687-9b5ca439184b">
      <conditionExpression xsi:type="tFormalExpression"><![CDATA[${workFlowDirection== "schemeY"}]]></conditionExpression>
    </sequenceFlow>
    <sequenceFlow id="sid-c0fcba97-c9f6-4378-ba64-72aaeb07fc26" name="finish" sourceRef="sid-7c99b9b3-37a7-4667-9bb9-156c742c19af" targetRef="sid-82136925-fedd-4b35-a6f4-6040d6964b5c">
      <conditionExpression xsi:type="tFormalExpression"><![CDATA[${workFlowDirection== "finish"}]]></conditionExpression>
    </sequenceFlow>
    <sequenceFlow id="sid-6eb9e4ce-c6b2-d59b-f7e7-ec575b9ac0d5" name="schemeT" sourceRef="sid-411e2a85-2591-4d9a-8f04-50ec38d6676f" targetRef="sid-12cce170-0338-4dae-ab5c-929722a35389">
      <conditionExpression xsi:type="tFormalExpression"><![CDATA[${workFlowDirection== "schemeT"}]]></conditionExpression>
    </sequenceFlow>
    <userTask id="sid-bfa77ce6-48bd-34af-f9e0-4e2cfc3f1eb3" name="a72" activiti:candidateGroups="operator_a72">
      <extensionElements>
        <activiti:taskListener event="create" class="com.fh.controller.activiti.util.BeforeManagerTaskHandler"></activiti:taskListener>
      </extensionElements>
    </userTask>
    <exclusiveGateway id="sid-3eede0fe-70f4-b1d0-9445-c4aa47fcc2e4"></exclusiveGateway>
    <sequenceFlow id="sid-571daf06-e035-4fba-b9f1-e8ac6c0e9b00" name="back" sourceRef="sid-7c99b9b3-37a7-4667-9bb9-156c742c19af" targetRef="sid-baa3b816-6bc2-4547-8dcb-1de4b9536116">
      <conditionExpression xsi:type="tFormalExpression"><![CDATA[${workFlowDirection== "back"}]]></conditionExpression>
    </sequenceFlow>
    <sequenceFlow id="sid-23640206-0bca-4a04-b57f-dabb04acb0e1" sourceRef="sid-30705b0e-6b7a-44fb-9687-9b5ca439184b" targetRef="sid-b108620c-e3ed-4c4d-91b0-3e0263684422"></sequenceFlow>
    <sequenceFlow id="sid-db8ab540-ad49-ea9b-5ab4-6b3396ddf3de" name="back" sourceRef="sid-b108620c-e3ed-4c4d-91b0-3e0263684422" targetRef="sid-1be8cdcd-67b0-44b1-ac73-2a9923362243">
      <conditionExpression xsi:type="tFormalExpression"><![CDATA[${workFlowDirection== "back"}]]></conditionExpression>
    </sequenceFlow>
    <sequenceFlow id="sid-e5a2edb8-3b3e-4f4c-8fb3-aafeacb80c8e" name="finish" sourceRef="sid-b108620c-e3ed-4c4d-91b0-3e0263684422" targetRef="sid-82136925-fedd-4b35-a6f4-6040d6964b5c">
      <conditionExpression xsi:type="tFormalExpression"><![CDATA[${workFlowDirection== "finish"}]]></conditionExpression>
    </sequenceFlow>
    <sequenceFlow id="sid-9064e7f4-ffa6-8b53-4dae-8aa40036365f" sourceRef="sid-bfa77ce6-48bd-34af-f9e0-4e2cfc3f1eb3" targetRef="sid-3eede0fe-70f4-b1d0-9445-c4aa47fcc2e4"></sequenceFlow>
    <sequenceFlow id="sid-d9ece1dc-2de2-0b0a-5cc1-2343653b0f9d" name="finish" sourceRef="sid-3eede0fe-70f4-b1d0-9445-c4aa47fcc2e4" targetRef="sid-82136925-fedd-4b35-a6f4-6040d6964b5c">
      <conditionExpression xsi:type="tFormalExpression"><![CDATA[${workFlowDirection== "finish"}]]></conditionExpression>
    </sequenceFlow>
    <sequenceFlow id="sid-4783e4c6-de07-52f3-c5ee-786e13ddad27" name="check" sourceRef="sid-b108620c-e3ed-4c4d-91b0-3e0263684422" targetRef="sid-bfa77ce6-48bd-34af-f9e0-4e2cfc3f1eb3">
      <conditionExpression xsi:type="tFormalExpression"><![CDATA[${workFlowDirection== "check"}]]></conditionExpression>
    </sequenceFlow>
    <sequenceFlow id="sid-403760c7-a5e3-f00f-fb71-64a05b9a774b" name="back" sourceRef="sid-3eede0fe-70f4-b1d0-9445-c4aa47fcc2e4" targetRef="sid-30705b0e-6b7a-44fb-9687-9b5ca439184b">
      <conditionExpression xsi:type="tFormalExpression"><![CDATA[${workFlowDirection== "back"}]]></conditionExpression>
    </sequenceFlow>
    <sequenceFlow id="sid-2c66a068-fc1a-5e22-c8fd-9e8e22cae6ff" name="next" sourceRef="sid-3eede0fe-70f4-b1d0-9445-c4aa47fcc2e4" targetRef="sid-baa3b816-6bc2-4547-8dcb-1de4b9536116">
      <conditionExpression xsi:type="tFormalExpression"><![CDATA[${workFlowDirection== "next"}]]></conditionExpression>
    </sequenceFlow>
    <sequenceFlow id="sid-e0fb4e84-d9f4-4c6c-9148-b7647b6617e9" name="next" sourceRef="sid-b108620c-e3ed-4c4d-91b0-3e0263684422" targetRef="sid-baa3b816-6bc2-4547-8dcb-1de4b9536116">
      <conditionExpression xsi:type="tFormalExpression"><![CDATA[${workFlowDirection== "next"}]]></conditionExpression>
    </sequenceFlow>
    <userTask id="sid-15d59f70-8849-4483-9023-25cdffda1654" name="a4101" activiti:candidateGroups="operator_a42">
      <extensionElements>
        <activiti:taskListener event="create" class="com.fh.controller.activiti.util.BeforeManagerTaskHandler"></activiti:taskListener>
      </extensionElements>
    </userTask>
    <exclusiveGateway id="sid-411e2a85-2591-4d9a-8f04-50ec38d5676f"></exclusiveGateway>
    <sequenceFlow id="sid-01a12fb3-4cba-4f57-904d-145100d8e9b2" name="promiseY" sourceRef="sid-970e6d04-09a7-4d37-bdd1-bdc7d5b8c7a4" targetRef="sid-210d77e6-003c-494d-ba15-9b3b3cee3439">
      <conditionExpression xsi:type="tFormalExpression"><![CDATA[${workFlowDirection== "promiseY"}]]></conditionExpression>
    </sequenceFlow>
    <sequenceFlow id="sid-ef39c9b9-3d77-406d-aad7-b6ff40b27267" name="schemeB" sourceRef="sid-411e2a85-2591-4d9a-8f04-50ec38d6676f" targetRef="sid-30705b0e-6b7a-44fb-9687-9b5ca439184b">
      <conditionExpression xsi:type="tFormalExpression"><![CDATA[${workFlowDirection== "schemeB"}]]></conditionExpression>
    </sequenceFlow>
    <sequenceFlow id="sid-0b933390-8821-42fc-8258-51954a8f3e1e" name="finish" sourceRef="sid-411e2a85-2591-4d9a-8f04-50ec38d6676f" targetRef="sid-82136925-fedd-4b35-a6f4-6040d6964b5c">
      <conditionExpression xsi:type="tFormalExpression"><![CDATA[${workFlowDirection== "finish"}]]></conditionExpression>
    </sequenceFlow>
    <sequenceFlow id="sid-759d7745-7f55-47f9-a3e9-fc9733cd821f" sourceRef="sid-15d59f70-8849-4483-9023-25cdffda1654" targetRef="sid-411e2a85-2591-4d9a-8f04-50ec38d5676f"></sequenceFlow>
    <sequenceFlow id="sid-afff6e0b-bb4e-4a34-819d-ff99e56d18e5" sourceRef="sid-3c882bf9-37fa-4c12-8ee3-01ff500c6174" targetRef="sid-970e6d04-09a7-4d37-bdd1-bdc7d5b8c7a4"></sequenceFlow>
    <sequenceFlow id="sid-b59c94ca-eb28-4c6a-9fbf-bacf43592d26" sourceRef="sid-baa3b816-6bc2-4547-8dcb-1de4b9536116" targetRef="sid-411e2a85-2591-4d9a-8f04-50ec38d6676f"></sequenceFlow>
    <sequenceFlow id="sid-759d7745-7f55-47f9-a3e9-fc9793cd821f" name="credit" sourceRef="sid-411e2a85-2591-4d9a-8f04-50ec38d6676f" targetRef="sid-15d59f70-8849-4483-9023-25cdffda1654">
      <conditionExpression xsi:type="tFormalExpression"><![CDATA[${workFlowDirection== "credit"}]]></conditionExpression>
    </sequenceFlow>
    <sequenceFlow id="sid-759d7745-7f55-47f9-a3e9-fc9793cd826f" name="next" sourceRef="sid-411e2a85-2591-4d9a-8f04-50ec38d6676f" targetRef="sid-15d59f70-8849-4483-9023-25cdffda1652">
      <conditionExpression xsi:type="tFormalExpression"><![CDATA[${workFlowDirection== "next"}]]></conditionExpression>
    </sequenceFlow>
    <sequenceFlow id="sid-759d7745-7f55-47f9-a3e9-fc9793cd621f" name="xd" sourceRef="sid-411e2a85-2591-4d9a-8f04-50ec38d5676f" targetRef="sid-3c882bf9-37fa-4c12-8ee3-01ff500c6174">
      <conditionExpression xsi:type="tFormalExpression"><![CDATA[${workFlowDirection== "xd"}]]></conditionExpression>
    </sequenceFlow>
    <sequenceFlow id="sid-6003afe5-7b20-45dd-9d70-3624806467cc" name="next" sourceRef="sid-970e6d04-09a7-4d37-bdd1-bdc7d5b8c7a4" targetRef="sid-baa3b816-6bc2-4547-8dcb-1de4b9536116">
      <conditionExpression xsi:type="tFormalExpression"><![CDATA[${workFlowDirection== "next"}]]></conditionExpression>
    </sequenceFlow>
    <sequenceFlow id="sid-75667745-7f65-4769-a3e9-fc97666621f" name="back" sourceRef="sid-970e6d04-09a7-4d37-bdd1-bdc7d5b8c7a4" targetRef="sid-1be8cdcd-67b0-44b1-ac73-2a9923362243">
      <conditionExpression xsi:type="tFormalExpression"><![CDATA[${workFlowDirection== "back"}]]></conditionExpression>
    </sequenceFlow>
    <userTask id="sid-baa3b816-6bc2-4547-8dcb-1de4b95361a91" name="a91"></userTask>
    <exclusiveGateway id="sid-c2bca00c-26e9-4385-b276-2f2821578a91"></exclusiveGateway>
    <sequenceFlow id="sid-ec04bc30-12dd-44b6-adf3-3c7b8ade1bed" name="back" sourceRef="sid-c2bca00c-26e9-4385-b276-2f28233b3b26" targetRef="sid-1be8cdcd-67b0-44b1-ac73-2a9923362243">
      <conditionExpression xsi:type="tFormalExpression"><![CDATA[${workFlowDirection== "back"}]]></conditionExpression>
    </sequenceFlow>
    <sequenceFlow id="sid-9a998216-3865-4efe-9f8f-eabdd211e674" sourceRef="sid-fca477f3-b586-461f-b899-f044a85bd210" targetRef="sid-c2bca00c-26e9-4385-b276-2f28233b3b26"></sequenceFlow>
    <sequenceFlow id="sid-8ee23d54-3063-4e38-b4fb-74d03b972cdd" sourceRef="sid-15d59f70-8849-4483-9023-25cdffda1652" targetRef="sid-7c99b9b3-37a7-4667-9bb9-156c742c19af"></sequenceFlow>
    <sequenceFlow id="sid-b36e1a3b-db24-47a4-b0ea-d3e0e7b14f95" sourceRef="sid-12cce170-0338-4dae-ab5c-929722a35389" targetRef="sid-fd856762-e8a7-4ccd-b49c-5a1c21d8f3c3"></sequenceFlow>
    <sequenceFlow id="sid-759d7745-7f55-47f9-a3e9-fc9793cd820f" name="back" sourceRef="sid-411e2a85-2591-4d9a-8f04-50ec38d5676f" targetRef="sid-baa3b816-6bc2-4547-8dcb-1de4b9536116">
      <conditionExpression xsi:type="tFormalExpression"><![CDATA[${workFlowDirection== "back"}]]></conditionExpression>
    </sequenceFlow>
    <sequenceFlow id="sid-ec04bc30-12dd-44b6-adf3-3c7b8ad13a91" name="back" sourceRef="sid-c2bca00c-26e9-4385-b276-2f2821578a91" targetRef="sid-1be8cdcd-67b0-44b1-ac73-2a9923362243">
      <conditionExpression xsi:type="tFormalExpression"><![CDATA[${workFlowDirection== "back"}]]></conditionExpression>
    </sequenceFlow>
    <sequenceFlow id="sid-e5a2edb8-3b3e-4f4c-8fb3-aafeacb80a91" name="finish" sourceRef="sid-c2bca00c-26e9-4385-b276-2f2821578a91" targetRef="sid-82136925-fedd-4b35-a6f4-6040d6964b5c">
      <conditionExpression xsi:type="tFormalExpression"><![CDATA[${workFlowDirection== "finish"}]]></conditionExpression>
    </sequenceFlow>
    <sequenceFlow id="sid-b36e1a3b-db24-47a4-b0ea-d3e0e7b14a91" sourceRef="sid-baa3b816-6bc2-4547-8dcb-1de4b95361a91" targetRef="sid-c2bca00c-26e9-4385-b276-2f2821578a91"></sequenceFlow>
    <sequenceFlow id="sid-11c374e5-b02a-486e-a7b9-dac01012fa91" name="fraud" sourceRef="sid-c2bca00c-26e9-4385-b276-2f28233b3b26" targetRef="sid-baa3b816-6bc2-4547-8dcb-1de4b95361a91">
      <conditionExpression xsi:type="tFormalExpression"><![CDATA[${workFlowDirection== "fraud"}]]></conditionExpression>
    </sequenceFlow>
  </process>
  <bpmndi:BPMNDiagram id="BPMNDiagram_loan_manual_approval_v1">
    <bpmndi:BPMNPlane bpmnElement="loan_manual_approval_v1" id="BPMNPlane_loan_manual_approval_v1">
      <bpmndi:BPMNShape bpmnElement="sid-a4286b62-d18d-49df-bd27-8c4ed05f27c5" id="BPMNShape_sid-a4286b62-d18d-49df-bd27-8c4ed05f27c5">
        <omgdc:Bounds height="30.0" width="30.0" x="142.5" y="289.0"></omgdc:Bounds>
      </bpmndi:BPMNShape>
      <bpmndi:BPMNShape bpmnElement="sid-5be6053f-ab2b-410e-bf76-9cd8b0df09bd" id="BPMNShape_sid-5be6053f-ab2b-410e-bf76-9cd8b0df09bd">
        <omgdc:Bounds height="40.0" width="40.0" x="137.5" y="406.6666661760935"></omgdc:Bounds>
      </bpmndi:BPMNShape>
      <bpmndi:BPMNShape bpmnElement="sid-1be8cdcd-67b0-44b1-ac73-2a9923362243" id="BPMNShape_sid-1be8cdcd-67b0-44b1-ac73-2a9923362243">
        <omgdc:Bounds height="80.0" width="100.0" x="107.5" y="573.333332352187"></omgdc:Bounds>
      </bpmndi:BPMNShape>
      <bpmndi:BPMNShape bpmnElement="sid-fca477f3-b586-461f-b899-f044a85bd210" id="BPMNShape_sid-fca477f3-b586-461f-b899-f044a85bd210">
        <omgdc:Bounds height="80.0" width="100.0" x="107.5" y="754.0740723843219"></omgdc:Bounds>
      </bpmndi:BPMNShape>
      <bpmndi:BPMNShape bpmnElement="sid-c2bca00c-26e9-4385-b276-2f28233b3b26" id="BPMNShape_sid-c2bca00c-26e9-4385-b276-2f28233b3b26">
        <omgdc:Bounds height="40.0" width="40.0" x="317.7777769601558" y="772.5925908483323"></omgdc:Bounds>
      </bpmndi:BPMNShape>
      <bpmndi:BPMNShape bpmnElement="sid-baa3b816-6bc2-4547-8dcb-1de4b9536116" id="BPMNShape_sid-baa3b816-6bc2-4547-8dcb-1de4b9536116">
        <omgdc:Bounds height="80.0" width="100.0" x="807.7777754884362" y="386.6666661760935"></omgdc:Bounds>
      </bpmndi:BPMNShape>
      <bpmndi:BPMNShape bpmnElement="sid-411e2a85-2591-4d9a-8f04-50ec38d6676f" id="BPMNShape_sid-411e2a85-2591-4d9a-8f04-50ec38d6676f">
        <omgdc:Bounds height="40.0" width="40.0" x="837.7777754884362" y="593.333332352187"></omgdc:Bounds>
      </bpmndi:BPMNShape>
      <bpmndi:BPMNShape bpmnElement="sid-15d59f70-8849-4483-9023-25cdffda1652" id="BPMNShape_sid-15d59f70-8849-4483-9023-25cdffda1652">
        <omgdc:Bounds height="80.0" width="100.0" x="945.0" y="720.0"></omgdc:Bounds>
      </bpmndi:BPMNShape>
      <bpmndi:BPMNShape bpmnElement="sid-7c99b9b3-37a7-4667-9bb9-156c742c19af" id="BPMNShape_sid-7c99b9b3-37a7-4667-9bb9-156c742c19af">
        <omgdc:Bounds height="40.0" width="40.0" x="1130.0" y="741.48148006427"></omgdc:Bounds>
      </bpmndi:BPMNShape>
      <bpmndi:BPMNShape bpmnElement="sid-82136925-fedd-4b35-a6f4-6040d6964b5c" id="BPMNShape_sid-82136925-fedd-4b35-a6f4-6040d6964b5c">
        <omgdc:Bounds height="28.0" width="28.0" x="1461.0" y="15.0"></omgdc:Bounds>
      </bpmndi:BPMNShape>
      <bpmndi:BPMNShape bpmnElement="sid-210d77e6-003c-494d-ba15-9b3b3cee3439" id="BPMNShape_sid-210d77e6-003c-494d-ba15-9b3b3cee3439">
        <omgdc:Bounds height="80.0" width="100.0" x="1100.0" y="950.0"></omgdc:Bounds>
      </bpmndi:BPMNShape>
      <bpmndi:BPMNShape bpmnElement="sid-0a058bb1-abca-43c8-921d-c8b1eeb448ac" id="BPMNShape_sid-0a058bb1-abca-43c8-921d-c8b1eeb448ac">
        <omgdc:Bounds height="80.0" width="100.0" x="1425.0" y="950.0"></omgdc:Bounds>
      </bpmndi:BPMNShape>
      <bpmndi:BPMNShape bpmnElement="sid-52b5219c-684d-42cf-8e8c-3658b7861b2c" id="BPMNShape_sid-52b5219c-684d-42cf-8e8c-3658b7861b2c">
        <omgdc:Bounds height="40.0" width="40.0" x="1455.0" y="811.1111093123427"></omgdc:Bounds>
      </bpmndi:BPMNShape>
      <bpmndi:BPMNShape bpmnElement="sid-3c882bf9-37fa-4c12-8ee3-01ff500c6174" id="BPMNShape_sid-3c882bf9-37fa-4c12-8ee3-01ff500c6174">
        <omgdc:Bounds height="80.0" width="100.00000000000006" x="451.8518508161973" y="386.6666661760935"></omgdc:Bounds>
      </bpmndi:BPMNShape>
      <bpmndi:BPMNShape bpmnElement="sid-970e6d04-09a7-4d37-bdd1-bdc7d5b8c7a4" id="BPMNShape_sid-970e6d04-09a7-4d37-bdd1-bdc7d5b8c7a4">
        <omgdc:Bounds height="40.0" width="40.0" x="635.5555539203116" y="406.6666661760935"></omgdc:Bounds>
      </bpmndi:BPMNShape>
      <bpmndi:BPMNShape bpmnElement="sid-30705b0e-6b7a-44fb-9687-9b5ca439184b" id="BPMNShape_sid-30705b0e-6b7a-44fb-9687-9b5ca439184b">
        <omgdc:Bounds height="80.0" width="100.0" x="719.9999847412122" y="174.99999629126685"></omgdc:Bounds>
      </bpmndi:BPMNShape>
      <bpmndi:BPMNShape bpmnElement="sid-b108620c-e3ed-4c4d-91b0-3e0263684422" id="BPMNShape_sid-b108620c-e3ed-4c4d-91b0-3e0263684422">
        <omgdc:Bounds height="40.0" width="40.0" x="894.9999806086238" y="194.99999215867857"></omgdc:Bounds>
      </bpmndi:BPMNShape>
      <bpmndi:BPMNShape bpmnElement="sid-12cce170-0338-4dae-ab5c-929722a35389" id="BPMNShape_sid-12cce170-0338-4dae-ab5c-929722a35389">
        <omgdc:Bounds height="80.0" width="100.0" x="1270.0" y="455.0"></omgdc:Bounds>
      </bpmndi:BPMNShape>
      <bpmndi:BPMNShape bpmnElement="sid-fd856762-e8a7-4ccd-b49c-5a1c21d8f3c3" id="BPMNShape_sid-fd856762-e8a7-4ccd-b49c-5a1c21d8f3c3">
        <omgdc:Bounds height="40.0" width="40.0" x="1300.0" y="305.0"></omgdc:Bounds>
      </bpmndi:BPMNShape>
      <bpmndi:BPMNShape bpmnElement="sid-bfa77ce6-48bd-34af-f9e0-4e2cfc3f1eb3" id="BPMNShape_sid-bfa77ce6-48bd-34af-f9e0-4e2cfc3f1eb3">
        <omgdc:Bounds height="79.99999999999997" width="99.99999999999989" x="994.9999582502613" y="174.99999258253382"></omgdc:Bounds>
      </bpmndi:BPMNShape>
      <bpmndi:BPMNShape bpmnElement="sid-3eede0fe-70f4-b1d0-9445-c4aa47fcc2e4" id="BPMNShape_sid-3eede0fe-70f4-b1d0-9445-c4aa47fcc2e4">
        <omgdc:Bounds height="40.0" width="40.0" x="1129.9999760521803" y="194.99999215867857"></omgdc:Bounds>
      </bpmndi:BPMNShape>
      <bpmndi:BPMNShape bpmnElement="sid-15d59f70-8849-4483-9023-25cdffda1654" id="BPMNShape_sid-15d59f70-8849-4483-9023-25cdffda1654">
        <omgdc:Bounds height="80.0" width="100.00000000000011" x="750.0" y="721.48148006427"></omgdc:Bounds>
      </bpmndi:BPMNShape>
      <bpmndi:BPMNShape bpmnElement="sid-411e2a85-2591-4d9a-8f04-50ec38d5676f" id="BPMNShape_sid-411e2a85-2591-4d9a-8f04-50ec38d5676f">
        <omgdc:Bounds height="40.0" width="40.0" x="675.0" y="735.0"></omgdc:Bounds>
      </bpmndi:BPMNShape>
      <bpmndi:BPMNShape bpmnElement="sid-baa3b816-6bc2-4547-8dcb-1de4b95361a91" id="BPMNShape_sid-baa3b816-6bc2-4547-8dcb-1de4b95361a91">
        <omgdc:Bounds height="80.0" width="100.0" x="519.9999928474427" y="879.9999874830248"></omgdc:Bounds>
      </bpmndi:BPMNShape>
      <bpmndi:BPMNShape bpmnElement="sid-c2bca00c-26e9-4385-b276-2f2821578a91" id="BPMNShape_sid-c2bca00c-26e9-4385-b276-2f2821578a91">
        <omgdc:Bounds height="40.0" width="40.0" x="404.3999812483792" y="899.9999740719802"></omgdc:Bounds>
      </bpmndi:BPMNShape>
      <bpmndi:BPMNEdge bpmnElement="sid-11c374e5-b02a-486e-a7b9-dac01012fa91" id="BPMNEdge_sid-11c374e5-b02a-486e-a7b9-dac01012fa91">
        <omgdi:waypoint x="350.55429275286275" y="799.8160750556253"></omgdi:waypoint>
        <omgdi:waypoint x="519.9999928474427" y="892.6164679208732"></omgdi:waypoint>
      </bpmndi:BPMNEdge>
      <bpmndi:BPMNEdge bpmnElement="sid-e5a2edb8-3b3e-4f4c-8fb3-aafeacb80c8e" id="BPMNEdge_sid-e5a2edb8-3b3e-4f4c-8fb3-aafeacb80c8e">
        <omgdi:waypoint x="914.9999826937179" y="194.99999424377265"></omgdi:waypoint>
        <omgdi:waypoint x="915.0" y="29.0"></omgdi:waypoint>
        <omgdi:waypoint x="1461.0" y="29.0"></omgdi:waypoint>
      </bpmndi:BPMNEdge>
      <bpmndi:BPMNEdge bpmnElement="sid-c0fcba97-c9f6-4378-ba64-72aaeb07fc26" id="BPMNEdge_sid-c0fcba97-c9f6-4378-ba64-72aaeb07fc26">
        <omgdi:waypoint x="1169.9704142881385" y="761.4518943524087"></omgdi:waypoint>
        <omgdi:waypoint x="1475.0" y="761.0"></omgdi:waypoint>
        <omgdi:waypoint x="1475.0" y="43.0"></omgdi:waypoint>
      </bpmndi:BPMNEdge>
      <bpmndi:BPMNEdge bpmnElement="sid-9a998216-3865-4efe-9f8f-eabdd211e674" id="BPMNEdge_sid-9a998216-3865-4efe-9f8f-eabdd211e674">
        <omgdi:waypoint x="207.5" y="793.6631838208588"></omgdi:waypoint>
        <omgdi:waypoint x="317.9407927589929" y="792.7556066471694"></omgdi:waypoint>
      </bpmndi:BPMNEdge>
      <bpmndi:BPMNEdge bpmnElement="sid-db8ab540-ad49-ea9b-5ab4-6b3396ddf3de" id="BPMNEdge_sid-db8ab540-ad49-ea9b-5ab4-6b3396ddf3de">
        <omgdi:waypoint x="914.9999826825676" y="194.9999942326224"></omgdi:waypoint>
        <omgdi:waypoint x="915.0" y="28.0"></omgdi:waypoint>
        <omgdi:waypoint x="340.0" y="28.0"></omgdi:waypoint>
        <omgdi:waypoint x="340.0" y="613.0"></omgdi:waypoint>
        <omgdi:waypoint x="207.5" y="613.242008420081"></omgdi:waypoint>
      </bpmndi:BPMNEdge>
      <bpmndi:BPMNEdge bpmnElement="sid-b36e1a3b-db24-47a4-b0ea-d3e0e7b14a91" id="BPMNEdge_sid-b36e1a3b-db24-47a4-b0ea-d3e0e7b14a91">
        <omgdi:waypoint x="519.9999928474427" y="919.999982877584"></omgdi:waypoint>
        <omgdi:waypoint x="444.3999794062031" y="919.9999759141564"></omgdi:waypoint>
      </bpmndi:BPMNEdge>
      <bpmndi:BPMNEdge bpmnElement="sid-96285b23-b380-4a88-a883-5f91455969d1" id="BPMNEdge_sid-96285b23-b380-4a88-a883-5f91455969d1">
        <omgdi:waypoint x="655.5778816607843" y="406.68899391656623"></omgdi:waypoint>
        <omgdi:waypoint x="656.0" y="29.0"></omgdi:waypoint>
        <omgdi:waypoint x="1461.0" y="29.0"></omgdi:waypoint>
      </bpmndi:BPMNEdge>
      <bpmndi:BPMNEdge bpmnElement="sid-6f1884d6-2e1e-49b1-b7fd-84bb7ec7b2cd" id="BPMNEdge_sid-6f1884d6-2e1e-49b1-b7fd-84bb7ec7b2cd">
        <omgdi:waypoint x="1320.0" y="305.0"></omgdi:waypoint>
        <omgdi:waypoint x="1320.0" y="94.0"></omgdi:waypoint>
        <omgdi:waypoint x="769.0" y="94.0"></omgdi:waypoint>
        <omgdi:waypoint x="769.6694112629106" y="174.99999629126685"></omgdi:waypoint>
      </bpmndi:BPMNEdge>
      <bpmndi:BPMNEdge bpmnElement="sid-b59c94ca-eb28-4c6a-9fbf-bacf43592d26" id="BPMNEdge_sid-b59c94ca-eb28-4c6a-9fbf-bacf43592d26">
        <omgdi:waypoint x="857.7777754884362" y="466.6666661760935"></omgdi:waypoint>
        <omgdi:waypoint x="857.7777754884362" y="593.333332352187"></omgdi:waypoint>
      </bpmndi:BPMNEdge>
      <bpmndi:BPMNEdge bpmnElement="sid-ec04bc30-12dd-44b6-adf3-3c7b8ad13a91" id="BPMNEdge_sid-ec04bc30-12dd-44b6-adf3-3c7b8ad13a91">
        <omgdi:waypoint x="404.8999812483792" y="920.4999740719802"></omgdi:waypoint>
        <omgdi:waypoint x="62.39999724924559" y="920.4999740719802"></omgdi:waypoint>
        <omgdi:waypoint x="62.39999724924559" y="613.333332352187"></omgdi:waypoint>
        <omgdi:waypoint x="107.5" y="613.333332352187"></omgdi:waypoint>
      </bpmndi:BPMNEdge>
      <bpmndi:BPMNEdge bpmnElement="sid-2a3f6a50-cbbd-46df-9e2e-726d9b4afc29" id="BPMNEdge_sid-2a3f6a50-cbbd-46df-9e2e-726d9b4afc29">
        <omgdi:waypoint x="1340.0" y="325.0"></omgdi:waypoint>
        <omgdi:waypoint x="1475.0" y="325.0"></omgdi:waypoint>
        <omgdi:waypoint x="1475.0" y="43.0"></omgdi:waypoint>
      </bpmndi:BPMNEdge>
      <bpmndi:BPMNEdge bpmnElement="sid-759d7745-7f55-47f9-a3e9-fc9793cd820f" id="BPMNEdge_sid-759d7745-7f55-47f9-a3e9-fc9793cd820f">
        <omgdi:waypoint x="701.6289592070666" y="741.6289592070666"></omgdi:waypoint>
        <omgdi:waypoint x="837.9469805347032" y="466.6666661760935"></omgdi:waypoint>
      </bpmndi:BPMNEdge>
      <bpmndi:BPMNEdge bpmnElement="sid-2e2a41c8-27eb-4262-8125-398037dcd27b" id="BPMNEdge_sid-2e2a41c8-27eb-4262-8125-398037dcd27b">
        <omgdi:waypoint x="655.5972641882544" y="406.7083764440362"></omgdi:waypoint>
        <omgdi:waypoint x="656.0" y="214.0"></omgdi:waypoint>
        <omgdi:waypoint x="719.9999847412122" y="214.56140136797063"></omgdi:waypoint>
      </bpmndi:BPMNEdge>
      <bpmndi:BPMNEdge bpmnElement="sid-403760c7-a5e3-f00f-fb71-64a05b9a774b" id="BPMNEdge_sid-403760c7-a5e3-f00f-fb71-64a05b9a774b">
        <omgdi:waypoint x="1149.999979978052" y="194.99999608455013"></omgdi:waypoint>
        <omgdi:waypoint x="1150.0" y="93.0"></omgdi:waypoint>
        <omgdi:waypoint x="769.0" y="93.0"></omgdi:waypoint>
        <omgdi:waypoint x="769.6721208816675" y="174.99999629126685"></omgdi:waypoint>
      </bpmndi:BPMNEdge>
      <bpmndi:BPMNEdge bpmnElement="sid-2b1ed67c-c084-4354-9cd3-9f113a2e9123" id="BPMNEdge_sid-2b1ed67c-c084-4354-9cd3-9f113a2e9123">
        <omgdi:waypoint x="137.5517465183913" y="426.71841269448475"></omgdi:waypoint>
        <omgdi:waypoint x="29.0" y="427.0"></omgdi:waypoint>
        <omgdi:waypoint x="27.0" y="990.0"></omgdi:waypoint>
        <omgdi:waypoint x="1100.0" y="990.0"></omgdi:waypoint>
      </bpmndi:BPMNEdge>
      <bpmndi:BPMNEdge bpmnElement="sid-7e77bef3-eb09-4298-af15-0dc30a2b3e6d" id="BPMNEdge_sid-7e77bef3-eb09-4298-af15-0dc30a2b3e6d">
        <omgdi:waypoint x="1475.0" y="811.1111093123427"></omgdi:waypoint>
        <omgdi:waypoint x="1475.0" y="43.0"></omgdi:waypoint>
      </bpmndi:BPMNEdge>
      <bpmndi:BPMNEdge bpmnElement="sid-afff6e0b-bb4e-4a34-819d-ff99e56d18e5" id="BPMNEdge_sid-afff6e0b-bb4e-4a34-819d-ff99e56d18e5">
        <omgdi:waypoint x="551.8518508161974" y="426.6666661760935"></omgdi:waypoint>
        <omgdi:waypoint x="635.5555539203116" y="426.6666661760935"></omgdi:waypoint>
      </bpmndi:BPMNEdge>
      <bpmndi:BPMNEdge bpmnElement="sid-1a3bbd1f-f1f1-4b38-b441-596379e64062" id="BPMNEdge_sid-1a3bbd1f-f1f1-4b38-b441-596379e64062">
        <omgdi:waypoint x="337.78359572763196" y="772.5984096158085"></omgdi:waypoint>
        <omgdi:waypoint x="338.0" y="29.0"></omgdi:waypoint>
        <omgdi:waypoint x="1461.0" y="29.0"></omgdi:waypoint>
      </bpmndi:BPMNEdge>
      <bpmndi:BPMNEdge bpmnElement="sid-4783e4c6-de07-52f3-c5ee-786e13ddad27" id="BPMNEdge_sid-4783e4c6-de07-52f3-c5ee-786e13ddad27">
        <omgdi:waypoint x="934.9999805434153" y="214.9999922238871"></omgdi:waypoint>
        <omgdi:waypoint x="994.9999582502613" y="214.99999241951252"></omgdi:waypoint>
      </bpmndi:BPMNEdge>
      <bpmndi:BPMNEdge bpmnElement="sid-759d7745-7f55-47f9-a3e9-fc9793cd821f" id="BPMNEdge_sid-759d7745-7f55-47f9-a3e9-fc9793cd821f">
        <omgdi:waypoint x="852.1662648451477" y="627.7218217088985"></omgdi:waypoint>
        <omgdi:waypoint x="815.5999994277954" y="721.48148006427"></omgdi:waypoint>
      </bpmndi:BPMNEdge>
      <bpmndi:BPMNEdge bpmnElement="sid-1dcf971f-00a4-4336-92e1-6a595d389f42" id="BPMNEdge_sid-1dcf971f-00a4-4336-92e1-6a595d389f42">
        <omgdi:waypoint x="157.5" y="446.6666661760935"></omgdi:waypoint>
        <omgdi:waypoint x="157.5" y="573.333332352187"></omgdi:waypoint>
      </bpmndi:BPMNEdge>
      <bpmndi:BPMNEdge bpmnElement="sid-3e7479a2-eaec-45db-a69d-f86b4263eb09" id="BPMNEdge_sid-3e7479a2-eaec-45db-a69d-f86b4263eb09">
        <omgdi:waypoint x="337.8002657982293" y="812.5701020102588"></omgdi:waypoint>
        <omgdi:waypoint x="338.0" y="990.0"></omgdi:waypoint>
        <omgdi:waypoint x="1100.0" y="990.0"></omgdi:waypoint>
      </bpmndi:BPMNEdge>
      <bpmndi:BPMNEdge bpmnElement="sid-07720de7-aa44-4667-af73-65eb4f099b5e" id="BPMNEdge_sid-07720de7-aa44-4667-af73-65eb4f099b5e">
        <omgdi:waypoint x="837.7777754884362" y="613.333332352187"></omgdi:waypoint>
        <omgdi:waypoint x="207.5" y="613.333332352187"></omgdi:waypoint>
      </bpmndi:BPMNEdge>
      <bpmndi:BPMNEdge bpmnElement="sid-404315d9-7767-42f9-95fa-852a25bd8f31" id="BPMNEdge_sid-404315d9-7767-42f9-95fa-852a25bd8f31">
        <omgdi:waypoint x="857.7895680626503" y="633.3215397779728"></omgdi:waypoint>
        <omgdi:waypoint x="858.0" y="990.0"></omgdi:waypoint>
        <omgdi:waypoint x="1100.0" y="990.0"></omgdi:waypoint>
      </bpmndi:BPMNEdge>
      <bpmndi:BPMNEdge bpmnElement="sid-75667745-7f65-4769-a3e9-fc97666621f" id="BPMNEdge_sid-75667745-7f65-4769-a3e9-fc97666621f">
        <omgdi:waypoint x="641.4932821175909" y="432.6043943733727"></omgdi:waypoint>
        <omgdi:waypoint x="207.5" y="594.6627283731317"></omgdi:waypoint>
      </bpmndi:BPMNEdge>
      <bpmndi:BPMNEdge bpmnElement="sid-e5a2edb8-3b3e-4f4c-8fb3-aafeacb80a91" id="BPMNEdge_sid-e5a2edb8-3b3e-4f4c-8fb3-aafeacb80a91">
        <omgdi:waypoint x="424.8999812483792" y="900.4999740719802"></omgdi:waypoint>
        <omgdi:waypoint x="424.8999812483793" y="29.0"></omgdi:waypoint>
        <omgdi:waypoint x="1461.0" y="29.0"></omgdi:waypoint>
      </bpmndi:BPMNEdge>
      <bpmndi:BPMNEdge bpmnElement="sid-b5ebfca7-a12d-4697-ace1-305ac8f00c5c" id="BPMNEdge_sid-b5ebfca7-a12d-4697-ace1-305ac8f00c5c">
        <omgdi:waypoint x="1461.5671642290386" y="837.6782735413813"></omgdi:waypoint>
        <omgdi:waypoint x="1200.0" y="965.555555278822"></omgdi:waypoint>
      </bpmndi:BPMNEdge>
      <bpmndi:BPMNEdge bpmnElement="sid-23640206-0bca-4a04-b57f-dabb04acb0e1" id="BPMNEdge_sid-23640206-0bca-4a04-b57f-dabb04acb0e1">
        <omgdi:waypoint x="819.9999847412122" y="214.99999486623636"></omgdi:waypoint>
        <omgdi:waypoint x="894.999981178636" y="214.99999272869076"></omgdi:waypoint>
      </bpmndi:BPMNEdge>
      <bpmndi:BPMNEdge bpmnElement="sid-20d3626c-da3d-4eb8-88c8-73e69ec021df" id="BPMNEdge_sid-20d3626c-da3d-4eb8-88c8-73e69ec021df">
        <omgdi:waypoint x="157.5" y="319.0"></omgdi:waypoint>
        <omgdi:waypoint x="157.5" y="406.6666661760935"></omgdi:waypoint>
      </bpmndi:BPMNEdge>
      <bpmndi:BPMNEdge bpmnElement="sid-759d7745-7f55-47f9-a3e9-fc9733cd821f" id="BPMNEdge_sid-759d7745-7f55-47f9-a3e9-fc9733cd821f">
        <omgdi:waypoint x="750.0" y="758.3950609860462"></omgdi:waypoint>
        <omgdi:waypoint x="713.8372095417941" y="756.1627904582059"></omgdi:waypoint>
      </bpmndi:BPMNEdge>
      <bpmndi:BPMNEdge bpmnElement="sid-759d7745-7f55-47f9-a3e9-fc9793cd826f" id="BPMNEdge_sid-759d7745-7f55-47f9-a3e9-fc9793cd826f">
        <omgdi:waypoint x="867.4450945207375" y="623.6660133198857"></omgdi:waypoint>
        <omgdi:waypoint x="957.5757572017462" y="720.0"></omgdi:waypoint>
      </bpmndi:BPMNEdge>
      <bpmndi:BPMNEdge bpmnElement="sid-b36e1a3b-db24-47a4-b0ea-d3e0e7b14f95" id="BPMNEdge_sid-b36e1a3b-db24-47a4-b0ea-d3e0e7b14f95">
        <omgdi:waypoint x="1320.0" y="455.0"></omgdi:waypoint>
        <omgdi:waypoint x="1320.0" y="345.0"></omgdi:waypoint>
      </bpmndi:BPMNEdge>
      <bpmndi:BPMNEdge bpmnElement="sid-203b20e4-b05e-4561-a7d7-6dc726440210" id="BPMNEdge_sid-203b20e4-b05e-4561-a7d7-6dc726440210">
        <omgdi:waypoint x="1200.0" y="990.0"></omgdi:waypoint>
        <omgdi:waypoint x="1425.0" y="990.0"></omgdi:waypoint>
      </bpmndi:BPMNEdge>
      <bpmndi:BPMNEdge bpmnElement="sid-571daf06-e035-4fba-b9f1-e8ac6c0e9b00" id="BPMNEdge_sid-571daf06-e035-4fba-b9f1-e8ac6c0e9b00">
        <omgdi:waypoint x="1150.0" y="741.48148006427"></omgdi:waypoint>
        <omgdi:waypoint x="1150.0" y="426.0"></omgdi:waypoint>
        <omgdi:waypoint x="907.7777754884362" y="426.55259781986086"></omgdi:waypoint>
      </bpmndi:BPMNEdge>
      <bpmndi:BPMNEdge bpmnElement="sid-6eb9e4ce-c6b2-d59b-f7e7-ec575b9ac0d5" id="BPMNEdge_sid-6eb9e4ce-c6b2-d59b-f7e7-ec575b9ac0d5">
        <omgdi:waypoint x="877.7633628477387" y="613.3189197114895"></omgdi:waypoint>
        <omgdi:waypoint x="1320.0" y="613.0"></omgdi:waypoint>
        <omgdi:waypoint x="1320.0" y="535.0"></omgdi:waypoint>
      </bpmndi:BPMNEdge>
      <bpmndi:BPMNEdge bpmnElement="sid-6003afe5-7b20-45dd-9d70-3624806467cc" id="BPMNEdge_sid-6003afe5-7b20-45dd-9d70-3624806467cc">
        <omgdi:waypoint x="675.5555539203116" y="426.6666661760935"></omgdi:waypoint>
        <omgdi:waypoint x="807.7777754884362" y="426.6666661760935"></omgdi:waypoint>
      </bpmndi:BPMNEdge>
      <bpmndi:BPMNEdge bpmnElement="sid-b2b39d26-79de-4bfd-9b0a-999deee6d079" id="BPMNEdge_sid-b2b39d26-79de-4bfd-9b0a-999deee6d079">
        <omgdi:waypoint x="1475.0" y="950.0"></omgdi:waypoint>
        <omgdi:waypoint x="1475.0" y="851.1111093123427"></omgdi:waypoint>
      </bpmndi:BPMNEdge>
      <bpmndi:BPMNEdge bpmnElement="sid-d9ece1dc-2de2-0b0a-5cc1-2343653b0f9d" id="BPMNEdge_sid-d9ece1dc-2de2-0b0a-5cc1-2343653b0f9d">
        <omgdi:waypoint x="1149.9999786272144" y="194.99999473371273"></omgdi:waypoint>
        <omgdi:waypoint x="1150.0" y="29.0"></omgdi:waypoint>
        <omgdi:waypoint x="1461.0" y="29.0"></omgdi:waypoint>
      </bpmndi:BPMNEdge>
      <bpmndi:BPMNEdge bpmnElement="sid-0b933390-8821-42fc-8258-51954a8f3e1e" id="BPMNEdge_sid-0b933390-8821-42fc-8258-51954a8f3e1e">
        <omgdi:waypoint x="877.7669802701442" y="613.322537133895"></omgdi:waypoint>
        <omgdi:waypoint x="1475.0" y="613.0"></omgdi:waypoint>
        <omgdi:waypoint x="1475.0" y="43.0"></omgdi:waypoint>
      </bpmndi:BPMNEdge>
      <bpmndi:BPMNEdge bpmnElement="sid-c997cd8c-56d9-4a41-9278-bd0d3ab8f361" id="BPMNEdge_sid-c997cd8c-56d9-4a41-9278-bd0d3ab8f361">
        <omgdi:waypoint x="177.5" y="426.6666661760935"></omgdi:waypoint>
        <omgdi:waypoint x="451.8518508161973" y="426.6666661760935"></omgdi:waypoint>
      </bpmndi:BPMNEdge>
      <bpmndi:BPMNEdge bpmnElement="sid-8ee23d54-3063-4e38-b4fb-74d03b972cdd" id="BPMNEdge_sid-8ee23d54-3063-4e38-b4fb-74d03b972cdd">
        <omgdi:waypoint x="1045.0" y="760.0"></omgdi:waypoint>
        <omgdi:waypoint x="1087.0" y="760.0"></omgdi:waypoint>
        <omgdi:waypoint x="1092.1236572265625" y="758.9428100585938"></omgdi:waypoint>
        <omgdi:waypoint x="1130.8404103181963" y="760.6410697460738"></omgdi:waypoint>
      </bpmndi:BPMNEdge>
      <bpmndi:BPMNEdge bpmnElement="sid-e0fb4e84-d9f4-4c6c-9148-b7647b6617e9" id="BPMNEdge_sid-e0fb4e84-d9f4-4c6c-9148-b7647b6617e9">
        <omgdi:waypoint x="914.9999824466687" y="234.99999032063366"></omgdi:waypoint>
        <omgdi:waypoint x="915.0" y="426.0"></omgdi:waypoint>
        <omgdi:waypoint x="907.7777754884362" y="426.0841423562106"></omgdi:waypoint>
      </bpmndi:BPMNEdge>
      <bpmndi:BPMNEdge bpmnElement="sid-ef39c9b9-3d77-406d-aad7-b6ff40b27267" id="BPMNEdge_sid-ef39c9b9-3d77-406d-aad7-b6ff40b27267">
        <omgdi:waypoint x="850.0280180606826" y="601.0830897799406"></omgdi:waypoint>
        <omgdi:waypoint x="769.0" y="473.0"></omgdi:waypoint>
        <omgdi:waypoint x="769.8449483494544" y="254.99999629126685"></omgdi:waypoint>
      </bpmndi:BPMNEdge>
      <bpmndi:BPMNEdge bpmnElement="sid-2c66a068-fc1a-5e22-c8fd-9e8e22cae6ff" id="BPMNEdge_sid-2c66a068-fc1a-5e22-c8fd-9e8e22cae6ff">
        <omgdi:waypoint x="1149.9999783221153" y="234.9999898887434"></omgdi:waypoint>
        <omgdi:waypoint x="1150.0" y="426.0"></omgdi:waypoint>
        <omgdi:waypoint x="907.7777754884362" y="426.55259781986086"></omgdi:waypoint>
      </bpmndi:BPMNEdge>
      <bpmndi:BPMNEdge bpmnElement="sid-01a12fb3-4cba-4f57-904d-145100d8e9b2" id="BPMNEdge_sid-01a12fb3-4cba-4f57-904d-145100d8e9b2">
        <omgdi:waypoint x="655.5713206317902" y="446.6508994646149"></omgdi:waypoint>
        <omgdi:waypoint x="656.0" y="990.0"></omgdi:waypoint>
        <omgdi:waypoint x="1100.0" y="990.0"></omgdi:waypoint>
      </bpmndi:BPMNEdge>
      <bpmndi:BPMNEdge bpmnElement="sid-ec04bc30-12dd-44b6-adf3-3c7b8ade1bed" id="BPMNEdge_sid-ec04bc30-12dd-44b6-adf3-3c7b8ade1bed">
        <omgdi:waypoint x="327.7494483496493" y="782.6209194588388"></omgdi:waypoint>
        <omgdi:waypoint x="197.72727271607727" y="653.333332352187"></omgdi:waypoint>
      </bpmndi:BPMNEdge>
      <bpmndi:BPMNEdge bpmnElement="sid-0a86e351-b4ea-4757-844a-4831bfbf01b3" id="BPMNEdge_sid-0a86e351-b4ea-4757-844a-4831bfbf01b3">
        <omgdi:waypoint x="1157.7895630291102" y="749.2710430933804"></omgdi:waypoint>
        <omgdi:waypoint x="1294.482279224958" y="535.0"></omgdi:waypoint>
      </bpmndi:BPMNEdge>
      <bpmndi:BPMNEdge bpmnElement="sid-759d7745-7f55-47f9-a3e9-fc9793cd621f" id="BPMNEdge_sid-759d7745-7f55-47f9-a3e9-fc9793cd621f">
        <omgdi:waypoint x="687.592329527415" y="742.407670472585"></omgdi:waypoint>
        <omgdi:waypoint x="525.3825897678986" y="466.6666661760935"></omgdi:waypoint>
      </bpmndi:BPMNEdge>
      <bpmndi:BPMNEdge bpmnElement="sid-50c2906c-55e6-4f5d-9c58-8fe048b44935" id="BPMNEdge_sid-50c2906c-55e6-4f5d-9c58-8fe048b44935">
        <omgdi:waypoint x="157.5" y="653.333332352187"></omgdi:waypoint>
        <omgdi:waypoint x="157.5" y="754.0740723843219"></omgdi:waypoint>
      </bpmndi:BPMNEdge>
      <bpmndi:BPMNEdge bpmnElement="sid-9064e7f4-ffa6-8b53-4dae-8aa40036365f" id="BPMNEdge_sid-9064e7f4-ffa6-8b53-4dae-8aa40036365f">
        <omgdi:waypoint x="1094.9999582502612" y="214.99999238069802"></omgdi:waypoint>
        <omgdi:waypoint x="1129.9999761329145" y="214.99999223941288"></omgdi:waypoint>
      </bpmndi:BPMNEdge>
      <bpmndi:BPMNEdge bpmnElement="sid-0ea6dbcb-fb89-4ce3-9c0b-af9458eb23d6" id="BPMNEdge_sid-0ea6dbcb-fb89-4ce3-9c0b-af9458eb23d6">
        <omgdi:waypoint x="1150.0" y="781.48148006427"></omgdi:waypoint>
        <omgdi:waypoint x="1150.0" y="950.0"></omgdi:waypoint>
      </bpmndi:BPMNEdge>
      <bpmndi:BPMNEdge bpmnElement="sid-11c374e5-b02a-486e-a7b9-dac01033f19f" id="BPMNEdge_sid-11c374e5-b02a-486e-a7b9-dac01033f19f">
        <omgdi:waypoint x="357.7279804598262" y="792.6423873486618"></omgdi:waypoint>
        <omgdi:waypoint x="501.0" y="793.0"></omgdi:waypoint>
        <omgdi:waypoint x="501.7588370784296" y="466.6666661760935"></omgdi:waypoint>
      </bpmndi:BPMNEdge>
    </bpmndi:BPMNPlane>
  </bpmndi:BPMNDiagram>
</definitions>